Button 1,Button 2,Button 3,Button 4
r/Columbus,r/FIFA,r/xboxone,r/AnimalsBeingJerks
r/Ohio,r/lakers,r/Gamingcirclejerk,r/AnimalsBeingDerps
r/OSU,r/sports,r/FIFA,r/wholesomememes
r/Covid19_Ohio,r/formula1,r/classicwow,r/StartledCats
r/DelawareOH,r/MMA,r/wow,r/aww
r/Gahanna,r/SquaredCircle,r/DotA2,r/NatureIsFuckingLit
r/westerville,r/tennis,r/MortalKombat,r/rarepuppers
r/CoronavirusOH,r/CFB,r/leagueoflegends,r/PartyParrot
r/CoronavirusOhio,r/baseball,r/dndmemes,r/tippytaps
r/Whitehall,r/barstoolsports,r/DestinyTheGame,r/dogs
r/Granvilleohio,r/GreenBayPackers,r/battlestations,r/babyelephantgifs
,r/leafs,r/PS4,r/parrots
,r/canucks,r/DMAcademy,r/AnimalTextGifs
,r/NYYankees,r/Rainbow6,r/woof_irl
,r/golf,r/destiny2,r/Dogtraining
,r/sportsarefun,r/gtaonline,r/puppy101
,r/49ers,r/DnD,r/Zoomies
,r/rugbyunion,r/thesims,r/Catswhoyell
,r/Cricket,r/Competitiveoverwatch,r/UnexpectedlyWholesome
,r/eagles,r/starcitizen,r/curledfeetsies
,r/Dodgers,r/StardewValley,r/Pets
,r/WWE,r/StarWarsBattlefront,r/Aquariums
,r/climbing,r/totalwar,r/BeforeNAfterAdoption
,r/tampabayrays,r/danganronpa,r/birding
,r/nhl,r/FFBraveExvius,r/corgi
